RECORD_DATE,paytype,revenue
2020-08-30T00:00:00.000Z,0,1722946762.300000
2020-08-30T00:00:00.000Z,1,652891472.600000
2020-08-30T00:15:00.000Z,0,1661709363.300000
2020-08-30T00:15:00.000Z,1,620119097.900000
2020-08-30T00:30:00.000Z,0,1772425247.400000
2020-08-30T00:30:00.000Z,1,621322897.700000
2020-08-30T00:45:00.000Z,0,1709128583.700000
2020-08-30T00:45:00.000Z,1,626318317.600000
